{
    "tipo_grafico": "X-R",
    "n_amostra": 5,
    "X_barra_barra": 4.96065,
    "R_barra": 0.02195000000000009,
    "constantes_usadas": {
        "A2": 0.577,
        "D3": 0.0,
        "D4": 2.114
    },
    "limites_X_barra": {
        "LSC": 4.97331515,
        "LM": 4.96065,
        "LIC": 4.94798485
    },
    "limites_R": {
        "LSC": 0.04640230000000019,
        "LM": 0.02195000000000009,
        "LIC": 0.0
    }
}